#,Image,Name,Description,Common Location,Properties
201,https://www.zeldadungeon.net/wiki/images/thumb/4/4b/Hyrule-Compendium-Master-Sword.png/72px-Hyrule-Compendium-Master-Sword.png,Master Sword,The legendary sword that seals the darkness. Its blade gleams with a sacred luster that can oppose the Calamity. Only a hero chosen by the sword itself can wield it.,Unknown,30 Attack
202,https://www.zeldadungeon.net/wiki/images/thumb/9/97/Hyrule-Compendium-Tree-Branch.png/72px-Hyrule-Compendium-Tree-Branch.png,Tree Branch,"Wooden branches such as this are pretty common, but it's surprisingly well-balanced. It doesn't do much damage, but can serve as a weapon in a pinch.","Hyrule Field,West Necluda",2 Attack
203,https://www.zeldadungeon.net/wiki/images/thumb/9/9d/Hyrule-Compendium-Torch.png/72px-Hyrule-Compendium-Torch.png,Torch,"This torch will stay lit once ignited, but if you put it away, the flame will be extinguished until you light it again.","Great Hyrule Forest,Hyrule Field",2 Attack
204,https://www.zeldadungeon.net/wiki/images/thumb/9/90/Hyrule-Compendium-Soup-Ladle.png/72px-Hyrule-Compendium-Soup-Ladle.png,Soup Ladle,"A kitchen implement often used for serving delicious soups. It was carved from the wood of a sturdy tree, so it actually packs quite the wallop.","Hyrule Field,Tabantha Frontier",4 Attack
205,https://www.zeldadungeon.net/wiki/images/thumb/0/00/Hyrule-Compendium-Boomerang.png/72px-Hyrule-Compendium-Boomerang.png,Boomerang,This throwing weapon was originally used by the forest-dwelling Koroks. Its unique shape allows it to return after being thrown.,"West Necluda,Faron Grasslands",8 Attack
206,https://www.zeldadungeon.net/wiki/images/thumb/a/a6/Hyrule-Compendium-Spring-Loaded-Hammer.png/72px-Hyrule-Compendium-Spring-Loaded-Hammer.png,Spring-Loaded Hammer,"This strange hammer is one of Kilton's specialities. Being struck by it doesn't hurt much, but the fourth swing in a string of attacks will send the victim flying.",Unknown,1 Attack
207,https://www.zeldadungeon.net/wiki/images/thumb/b/bd/Hyrule-Compendium-Travelers-Sword.png/72px-Hyrule-Compendium-Travelers-Sword.png,Traveler's Sword,"A very common sword often kept by travelers to fend off small beasts. It's fairly durable, but a bit unreliable against monsters.","Hyrule Field,West Necluda",5 Attack
208,https://www.zeldadungeon.net/wiki/images/thumb/4/48/Hyrule-Compendium-Soldiers-Broadsword.png/72px-Hyrule-Compendium-Soldiers-Broadsword.png,Soldier's Broadsword,A sword brandished by the soldiers who once protected Hyrule Castle. Its durable blade is well tuned for slaying monsters.,"Hyrule Field,Faron Grasslands",14 Attack
209,https://www.zeldadungeon.net/wiki/images/thumb/e/ef/Hyrule-Compendium-Knights-Broadsword.png/72px-Hyrule-Compendium-Knights-Broadsword.png,Knight's Broadsword,Knights of Hyrule once carried this sword. These days it's the weapon of choice for seasoned adventurers thanks to its ease of use and high attack power.,"Gerudo Desert,Tabantha Frontier",26 Attack
210,https://www.zeldadungeon.net/wiki/images/thumb/f/fc/Hyrule-Compendium-Royal-Broadsword.png/72px-Hyrule-Compendium-Royal-Broadsword.png,Royal Broadsword,The Hyrulean royal family would award this sword to knights who achieved remarkable feats. A sword that balances strength and beauty as elegantly as this one is a rare find.,"Tabantha Frontier,Akkala Highlands",36 Attack
211,https://www.zeldadungeon.net/wiki/images/thumb/b/bb/Hyrule-Compendium-Forest-Dweller%27s-Sword.png/72px-Hyrule-Compendium-Forest-Dweller%27s-Sword.png,Forest Dweller's Sword,"Koroks made this sword for Hylians. It's made of wood, so it isn't the best choice for head-on attacks. Its original intent was likely clearing vines to forge paths through forests.","Great Hyrule Forest,Hyrule Field",22 Attack
212,https://www.zeldadungeon.net/wiki/images/thumb/b/b8/Hyrule-Compendium-Zora-Sword.png/72px-Hyrule-Compendium-Zora-Sword.png,Zora Sword,The ornamentation that adorns this blade is a traditional Zora design. It's forged from a very durable and rust-proof metal.,"Lanayru Great Spring,East Necluda",15 Attack
213,https://www.zeldadungeon.net/wiki/images/thumb/2/2f/Hyrule-Compendium-Feathered-Edge.png/72px-Hyrule-Compendium-Feathered-Edge.png,Feathered Edge,"Rito craftsmen forged this lightweight, double-edged sword so Rito warriors could soar into battle unhindered by its weight.","Tabantha Frontier,Hyrule Field",15 Attack
214,https://www.zeldadungeon.net/wiki/images/thumb/5/58/Hyrule-Compendium-Gerudo-Scimitar.png/72px-Hyrule-Compendium-Gerudo-Scimitar.png,Gerudo Scimitar,"This common sword is often carried by Gerudo women for self-defense. Its short, curved blade is easily recognized.","Gerudo Highlands,Gerudo Desert",16 Attack
215,https://www.zeldadungeon.net/wiki/images/thumb/8/83/Hyrule-Compendium-Moonlight-Scimitar.png/72px-Hyrule-Compendium-Moonlight-Scimitar.png,Moonlight Scimitar,Delicate Gerudo carvings decorate this curved sword. The engraved blade is extremely sharp. Apparently it once served ceremonial purposes in festivals.,"Gerudo Highlands,Gerudo Desert",25 Attack
216,https://www.zeldadungeon.net/wiki/images/thumb/f/fb/Hyrule-Compendium-Scimitar-of-the-Seven.png/72px-Hyrule-Compendium-Scimitar-of-the-Seven.png,Scimitar of the Seven,"A famous sword once beloved by the Gerudo Champion Urbosa. It is said that when Urbosa swung this sword in battle, her movements resembled a beautiful dance.",Gerudo Town,32 Attack
217,https://www.zeldadungeon.net/wiki/images/thumb/6/67/Hyrule-Compendium-Eightfold-Blade.png/72px-Hyrule-Compendium-Eightfold-Blade.png,Eightfold Blade,"A single-edged sword traditional to the Sheikah tribe. Forged using ancient technology, it's said to be among the sharpest conventional weapons ever made.","West Necluda,Lake Hylia",15 Attack
218,https://www.zeldadungeon.net/wiki/images/thumb/6/64/Hyrule-Compendium-Ancient-Short-Sword.png/72px-Hyrule-Compendium-Ancient-Short-Sword.png,Ancient Short Sword,"The blade of this ancient sword was made using an ancient power lost to this modern age. Its blade appears only when drawn, and its cutting power surpasses metal swords.",Unknown,40 Attack
219,https://www.zeldadungeon.net/wiki/images/thumb/5/5d/Hyrule-Compendium-Rusty-Broadsword.png/72px-Hyrule-Compendium-Rusty-Broadsword.png,Rusty Broadsword,This once-fearsome sword has seen better days. It can do some damage in the right hands but also breaks quickly.,"Hyrule Field,Eldin Canyon",6 Attack
220,https://www.zeldadungeon.net/wiki/images/thumb/d/d4/Hyrule-Compendium-Royal-Guards-Sword.png/72px-Hyrule-Compendium-Royal-Guards-Sword.png,Royal Guard's Sword,"A Sheikah-made replica of the sword that seals the darkness. It was made with ancient technology to oppose the Great Calamity, but its low durability made it inefficient.",Unknown,48 Attack
221,https://www.zeldadungeon.net/wiki/images/thumb/8/82/Hyrule-Compendium-Flameblade.png/72px-Hyrule-Compendium-Flameblade.png,Flameblade,This magical sword was forged in the lava of Death Mountain. It leaves white-hot flames in its wake when the blade glows red.,"Hyrule Field,East Necluda",24 Attack
222,https://www.zeldadungeon.net/wiki/images/thumb/4/4c/Hyrule-Compendium-Frostblade.png/72px-Hyrule-Compendium-Frostblade.png,Frostblade,"A magical sword forged in the frigid mountains of the Hebra region. When the blade glows blue, enemies struck by it will become frozen.","Gerudo Highlands,Hyrule Field",20 Attack
223,https://www.zeldadungeon.net/wiki/images/thumb/0/0f/Hyrule-Compendium-Thunderblade.png/72px-Hyrule-Compendium-Thunderblade.png,Thunderblade,"A magical sword forged and refined by lightning from the Hyrule Hills. When the blade shines with a golden light, it will electrocute enemies struck by it.","Hyrule Field,West Necluda",22 Attack
224,https://www.zeldadungeon.net/wiki/images/thumb/7/7e/Hyrule-Compendium-Boko-Club.png/72px-Hyrule-Compendium-Boko-Club.png,Boko Club,"A crude Bokoblin club made to clobber small prey. It's essentially a stick, so its durability is low.","Hyrule Field,West Necluda",4 Attack
225,https://www.zeldadungeon.net/wiki/images/thumb/3/3e/Hyrule-Compendium-Spiked-Boko-Club.png/72px-Hyrule-Compendium-Spiked-Boko-Club.png,Spiked Boko Club,A reinforced Bokoblin club made to maximize damage. The sharpened bones jabbed into make it a brutal weapon.,"Faron Grasslands,East Necluda",12 Attack
226,https://www.zeldadungeon.net/wiki/images/thumb/5/53/Hyrule-Compendium-Dragonbone-Boko-Club.png/72px-Hyrule-Compendium-Dragonbone-Boko-Club.png,Dragonbone Boko Club,This Bokoblin club has been reinforced with fossilized bones to maximize clobbering potential. Only the brawniest of Bokoblins can manage its immense weight.,"Hyrule Ridge,Necluda Sea",24 Attack
227,https://www.zeldadungeon.net/wiki/images/thumb/5/59/Hyrule-Compendium-Lizal-Boomerang.png/72px-Hyrule-Compendium-Lizal-Boomerang.png,Lizal Boomerang,A curved sword favored by the Lizalfos. It can be used to attack directly or can be thrown like a boomerang.,"Lake Hylia,Lanayru Wetlands",14 Attack
228,https://www.zeldadungeon.net/wiki/images/thumb/d/d3/Hyrule-Compendium-Lizal-Forked-Boomerang.png/72px-Hyrule-Compendium-Lizal-Forked-Boomerang.png,Lizal Forked Boomerang,"Blue Lizalfos in particular like this weapon. It has one more blade than the Lizal boomerang to give it additional cutting power, and it still returns when thrown.","Gerudo Desert,Tabantha Frontier",24 Attack
229,https://www.zeldadungeon.net/wiki/images/thumb/3/3f/Hyrule-Compendium-Lizal-Tri-Boomerang.png/72px-Hyrule-Compendium-Lizal-Tri-Boomerang.png,Lizal Tri-Boomerang,"More blades mean more attack power! It can be used as a boomerang, but all those blades make that a bit more dangerous. Carried by Black Lizalfos seasoned in battle.","Hebra Mountains,Akkala Highlands",36 Attack
230,https://www.zeldadungeon.net/wiki/images/thumb/2/25/Hyrule-Compendium-Guardian-Sword.png/72px-Hyrule-Compendium-Guardian-Sword.png,Guardian Sword,A sword often wielded by Guardian Scouts. Its blue energy blade is a product of ancient technology. It's not very durable.,"Eldin Canyon,Tabantha Frontier",20 Attack
231,https://www.zeldadungeon.net/wiki/images/thumb/c/ca/Hyrule-Compendium-Guardian-Sword%2B.png/72px-Hyrule-Compendium-Guardian-Sword%2B.png,Guardian Sword+,"This Guardian sword has enhanced power over the standard model. Its cutting capabilities are improved, and its durability has seen a slight uptick.","Gerudo Highlands,Akkala Highlands",30 Attack
232,https://www.zeldadungeon.net/wiki/images/thumb/6/62/Hyrule-Compendium-Guardian-Sword%2B%2B.png/72px-Hyrule-Compendium-Guardian-Sword%2B%2B.png,Guardian Sword++,"The abilities of this Guardian sword have been boosted to the maximum., as evidenced by its increase in size. It slices through armor like a hot knife through butter!","Hebra Mountains,Akkala Highlands",40 Attack
233,https://www.zeldadungeon.net/wiki/images/thumb/d/d8/Hyrule-Compendium-Lynel-Sword.png/72px-Hyrule-Compendium-Lynel-Sword.png,Lynel Sword,"This Lynel-made sword was designed with smashing in mind rather than slicing. It's on the heavy side compared to what Hylians are used to, but it's very strong.","Lanayru Great Spring,Hyrule Field",24 Attack
234,https://www.zeldadungeon.net/wiki/images/thumb/0/0e/Hyrule-Compendium-Mighty-Lynel-Sword.png/72px-Hyrule-Compendium-Mighty-Lynel-Sword.png,Mighty Lynel Sword,This Lynel-made sword boasts more blades and more attack power. A skilled Lynel can draw this sword simply in passing and still cut a foe in two.,"Hyrule Field,Lanayru Great Spring",36 Attack
235,https://www.zeldadungeon.net/wiki/images/thumb/a/a5/Hyrule-Compendium-Savage-Lynel-Sword.png/72px-Hyrule-Compendium-Savage-Lynel-Sword.png,Savage Lynel Sword,"A brutal sword carried by white-haired Lynels. The savage blades are strong enough to cut down any foe, no matter how strong.","Hyrule Field,Hebra Mountains",58 Attack
236,https://www.zeldadungeon.net/wiki/images/thumb/7/75/Hyrule-Compendium-Fire-Rod.png/72px-Hyrule-Compendium-Fire-Rod.png,Fire Rod,"A magical rod that can cast fireballs, crafted by an ancient magician. The rod will break if it strikes something directly, so use it wisely.","Hyrule Field,Hebra Mountains",10 Attack
237,https://www.zeldadungeon.net/wiki/images/thumb/e/e0/Hyrule-Compendium-Meteor-Rod.png/72px-Hyrule-Compendium-Meteor-Rod.png,Meteor Rod,"A magical rod that can cast three fireballs at once, crafted by an ancient magician. It will break upon running out of magical energy, so make it last!","Hyrule Field,Hebra Mountains",10 Attack
238,https://www.zeldadungeon.net/wiki/images/thumb/e/e2/Hyrule-Compendium-Ice-Rod.png/72px-Hyrule-Compendium-Ice-Rod.png,Ice Rod,A magical rod crafted from refined ice found in the Hebra Mountains. This rod can cast waves of freezing air. Great for magic - not so great for melee.,"Gerudo Highlands,Eldin Canyon",5 Attack
239,https://www.zeldadungeon.net/wiki/images/thumb/5/5f/Hyrule-Compendium-Blizzard-Rod.png/72px-Hyrule-Compendium-Blizzard-Rod.png,Blizzard Rod,A magical rod that can cast extreme cold in a wide range. These are crafted from refined ice found at the summit of Hebra peak. It will break when depleted.,"Gerudo Highlands,Hebra Mountains",10 Attack
240,https://www.zeldadungeon.net/wiki/images/thumb/f/f8/Hyrule-Compendium-Lightning-Rod.png/72px-Hyrule-Compendium-Lightning-Rod.png,Lightning Rod,A magical rod that can shoot balls of electricity. Its gem contains lightning from the Hyrule Hills. It's not recommended to use as a melee weapon.,"West Necluda,Hyrule Ridge",5 Attack
241,https://www.zeldadungeon.net/wiki/images/thumb/f/fe/Hyrule-Compendium-Thunderstorm-Rod.png/72px-Hyrule-Compendium-Thunderstorm-Rod.png,Thunderstorm Rod,"A magical rod that can hurl three balls of electricity at once. Its gem contains electricity from the Hyrule Hills, and the rod will break when that electricity runs out.","Hyrule Field,Hyrule Ridge",10 Attack
242,https://www.zeldadungeon.net/wiki/images/thumb/a/ac/Hyrule-Compendium-Vicious-Sickle.png/72px-Hyrule-Compendium-Vicious-Sickle.png,Vicious Sickle,A grim weapon favored by the Yiga. The half-moon shape of the blade allows for the rapid delivery of fatal wounds and serves as a symbol of their terror. Its durability is low.,"Gerudo Highlands,Gerudo Desert",16 Attack
243,https://www.zeldadungeon.net/wiki/images/thumb/d/d2/Hyrule-Compendium-Demon-Carver.png/72px-Hyrule-Compendium-Demon-Carver.png,Demon Carver,This lethal weapon is forged by the Yiga. Its unique shape facilitates the sound dispatching of any target and strikes fear into the hearts of all who see it.,Unknown,40 Attack
244,https://www.zeldadungeon.net/wiki/images/thumb/9/9e/Hyrule-Compendium-One-Hit-Obliterator.png/72px-Hyrule-Compendium-One-Hit-Obliterator.png,One-Hit Obliterator,"A weapon that defeats foes with one hit and causes the user to die within one hit. It loses its sheen and power after two consecutive uses, but it will eventually regain both.",Unknown,âˆž Attack
245,https://www.zeldadungeon.net/wiki/images/thumb/3/32/Hyrule-Compendium-Bokoblin-Arm.png/72px-Hyrule-Compendium-Bokoblin-Arm.png,Bokoblin Arm,"A skeletal arm that keeps moving even after it's severed from its body. It's kind of gross to strap it to your back, but it'll do in a pinch. It's old and fragile, so it's quick to break.",GreaterHyrule,5 Attack
246,https://www.zeldadungeon.net/wiki/images/thumb/4/42/Hyrule-Compendium-Lizalfos-Arm.png/72px-Hyrule-Compendium-Lizalfos-Arm.png,Lizalfos Arm,"The arm of a Stalizalfos that continues to struggle even in death. It can be used as a weapon, but it's very brittle. You can feel it wiggling when you strap it to your back...",GreaterHyrule,12 Attack
247,https://www.zeldadungeon.net/wiki/images/thumb/f/f9/Hyrule-Compendium-Korok-Leaf.png/72px-Hyrule-Compendium-Korok-Leaf.png,Korok Leaf,"A single swing of this giant, sturdy leaf can create a gust of wind strong enough to blow away light objects. These will sometimes fall off trees as they're chopped down.","Hyrule Field,West Necluda",1 Attack
248,https://www.zeldadungeon.net/wiki/images/thumb/1/19/Hyrule-Compendium-Farming-Hoe.png/72px-Hyrule-Compendium-Farming-Hoe.png,Farming Hoe,"A farming tool primarily used for tilling fields. Its fine craftsmanship is sturdy enough to withstand backbreaking fieldwork, but its battle applications are untested.","East Necluda,Hyrule Field",16 Attack
249,https://www.zeldadungeon.net/wiki/images/thumb/3/32/Hyrule-Compendium-Boat-Oar.png/72px-Hyrule-Compendium-Boat-Oar.png,Boat Oar,"Made for paddling boats, but it was made sturdy enough to fight strong currents. Maybe it's useful for self-defense in a pinch.","East Necluda,Necluda Sea",14 Attack
250,https://www.zeldadungeon.net/wiki/images/thumb/9/9c/Hyrule-Compendium-Woodcutters-Axe.png/72px-Hyrule-Compendium-Woodcutters-Axe.png,Woodcutter's Axe,"A woodcutter's tool of choice for felling trees. Its formidable weight and uneven balancing make it a slow, inefficient weapon.","West Necluda,Hyrule Field",3 Attack
251,https://www.zeldadungeon.net/wiki/images/thumb/d/de/Hyrule-Compendium-Double-Axe.png/72px-Hyrule-Compendium-Double-Axe.png,Double Axe,"This double-sided axe was designed with fighting in mind. It's a bit unwieldy, so it requires a well-practiced technique to use efficiently.","West Necluda,Gerudo Highlands",18 Attack
252,https://www.zeldadungeon.net/wiki/images/thumb/3/36/Hyrule-Compendium-Iron-Sledgehammer.png/72px-Hyrule-Compendium-Iron-Sledgehammer.png,Iron Sledgehammer,"This large iron sledgehammer was originally used for mining, but it works reasonably well as a weapon too.","Eldin Canyon,Akkala Highlands",12 Attack
253,https://www.zeldadungeon.net/wiki/images/thumb/e/e4/Hyrule-Compendium-Giant-Boomerang.png/72px-Hyrule-Compendium-Giant-Boomerang.png,Giant Boomerang,"This massive boomerang requires two hands. Originally used for hunting, it was modified for use as a weapon. The blades on the inner curves make it a bit trick to wield.","West Necluda,Hebra Mountains",25 Attack
254,https://www.zeldadungeon.net/wiki/images/thumb/e/e8/Hyrule-Compendium-Travelers-Claymore.png/72px-Hyrule-Compendium-Travelers-Claymore.png,Traveler's Claymore,A basic two-handed sword often wielded by aspiring adventurers. Its immense weight can knock enemies' shields right out of their hands.,"Hyrule Field,West Necluda",10 Attack
255,https://www.zeldadungeon.net/wiki/images/thumb/7/74/Hyrule-Compendium-Soldiers-Claymore.png/72px-Hyrule-Compendium-Soldiers-Claymore.png,Soldier's Claymore,A two-handed sword designed for combat. It's heavy and hard to use but has decent build quality and durability.,"Hyrule Field,Faron Grasslands",20 Attack
256,https://www.zeldadungeon.net/wiki/images/thumb/6/6c/Hyrule-Compendium-Knights-Claymore.png/72px-Hyrule-Compendium-Knights-Claymore.png,Knight's Claymore,Only the most confident of Hyrule Castle's knights carried this two-handed sword. Its cutting edge is finely honed.,"Gerudo Desert,Tabantha Frontier",38 Attack
257,https://www.zeldadungeon.net/wiki/images/thumb/6/6b/Hyrule-Compendium-Royal-Claymore.png/72px-Hyrule-Compendium-Royal-Claymore.png,Royal Claymore,A two-handed sword issued to the Hyrulean royal family's immediate guard detail. Its powerful strikes are said to crush an opponent's body and resolve alike.,"Tabantha Frontier,Gerudo Desert",52 Attack
258,https://www.zeldadungeon.net/wiki/images/thumb/f/f7/Hyrule-Compendium-Silver-Longsword.png/72px-Hyrule-Compendium-Silver-Longsword.png,Silver Longsword,"Although the Zora prefer spears to swords, they made this two-handed weapon using a special metal. It found popularity among Hylians for its unique design.","Lanayru Great Spring,Lanayru Wetlands",22 Attack
259,https://www.zeldadungeon.net/wiki/images/thumb/f/fc/Hyrule-Compendium-Cobble-Crusher.png/72px-Hyrule-Compendium-Cobble-Crusher.png,Cobble Crusher,"A Goron-made two-handed weapon. It's made from thick, hard metal and has no cutting edge, so it relies on its sheer weight to crush all opponents.","Eldin Canyon,Eldin Mountains",15 Attack
260,https://www.zeldadungeon.net/wiki/images/thumb/8/83/Hyrule-Compendium-Stone-Smasher.png/72px-Hyrule-Compendium-Stone-Smasher.png,Stone Smasher,"A two-handed weapon forged from a rare metal mined in Goron City. Its center of gravity is at its tip, so it uses centrifugal force and its sheer weight to smash opponents flat.","Eldin Canyon,Hyrule Field",42 Attack
261,https://www.zeldadungeon.net/wiki/images/thumb/2/2d/Hyrule-Compendium-Boulder-Breaker.png/72px-Hyrule-Compendium-Boulder-Breaker.png,Boulder Breaker,"This two-handed weapon was once wielded by the Goron Champion Daruk. Daruk made swinging it around look easy, but a Hylian would need and immense amount of strength.",Eldin Canyon,60 Attack
262,https://www.zeldadungeon.net/wiki/images/thumb/8/83/Hyrule-Compendium-Golden-Claymore.png/72px-Hyrule-Compendium-Golden-Claymore.png,Golden Claymore,Only the most talented Gerudo sword fighters carry this two-handed sword. It's actually much lighter than it appears and is surprisingly easy to wield.,"Gerudo Highlands,Hyrule Ridge",28 Attack
263,https://www.zeldadungeon.net/wiki/images/thumb/2/2b/Hyrule-Compendium-Eightfold-Longblade.png/72px-Hyrule-Compendium-Eightfold-Longblade.png,Eightfold Longblade,A single-edged sword seldom seen in Hyrule. This weapon is passed down through the Sheikah tribe and has an astonishingly shape edge ideal for slicing.,"West Necluda,Lanayru Great Spring",32 Attack
264,https://www.zeldadungeon.net/wiki/images/thumb/e/e3/Hyrule-Compendium-Edge-of-Duality.png/72px-Hyrule-Compendium-Edge-of-Duality.png,Edge of Duality,A curious double-edged sword crafted using Sheikah technology. It was originally made for Hyrulean knights unfamiliar with single-edged blades.,"Hyrule Field,West Necluda",50 Attack
265,https://www.zeldadungeon.net/wiki/images/thumb/4/4c/Hyrule-Compendium-Ancient-Bladesaw.png/72px-Hyrule-Compendium-Ancient-Bladesaw.png,Ancient Bladesaw,This two-handed sword was forged using ancient Sheikah technology. Its unique rotating blades give it impressive cutting power that will slice enemies to shreds.,Unknown,55 Attack
266,https://www.zeldadungeon.net/wiki/images/thumb/1/16/Hyrule-Compendium-Rusty-Claymore.png/72px-Hyrule-Compendium-Rusty-Claymore.png,Rusty Claymore,"A two-handed sword not properly cared for. Although it can be used as a weapon, its durability is very low. Don't expect it to last for more than a few strikes.","Hyrule Field,Eldin Canyon",12 Attack
267,https://www.zeldadungeon.net/wiki/images/thumb/2/22/Hyrule-Compendium-Royal-Guards-Claymore.png/72px-Hyrule-Compendium-Royal-Guards-Claymore.png,Royal Guard's Claymore,"The Sheikah used the very essence of ancient technology to forge this greatsword. It was designed to oppose the Calamity, but its low durability made it impractical in battle.",Unknown,72 Attack
268,https://www.zeldadungeon.net/wiki/images/thumb/5/57/Hyrule-Compendium-Great-Flameblade.png/72px-Hyrule-Compendium-Great-Flameblade.png,Great Flameblade,This magic-infused greatsword was forged in the fires of Death Mountain by Goron smiths in an ancient age. Attack when the blade glows red to expel flames.,"Hyrule Field,Eldin Canyon",34 Attack
269,https://www.zeldadungeon.net/wiki/images/thumb/d/d9/Hyrule-Compendium-Great-Frostblade.png/72px-Hyrule-Compendium-Great-Frostblade.png,Great Frostblade,This magic infused greatsword was forged by smelting ore found in the Hebra Mountains' permafrost. Attack when the blade glows blue to expel freezing air.,"Hebra Mountains,Hyrule Field",30 Attack
270,https://www.zeldadungeon.net/wiki/images/thumb/b/bb/Hyrule-Compendium-Great-Thunderblade.png/72px-Hyrule-Compendium-Great-Thunderblade.png,Great Thunderblade,This magic-infused greatsword was forged by the Hyrulean royal family using lightning from the Hyrule Hills. Attack when the blade glows golden to expel lightning.,"Hyrule Field,Tabantha Frontier",32 Attack
271,https://www.zeldadungeon.net/wiki/images/thumb/a/a2/Hyrule-Compendium-Boko-Bat.png/72px-Hyrule-Compendium-Boko-Bat.png,Boko Bat,A clunky club made by a Bokoblin. If you swing it at an enemy's shield it may be able to knock the shield out of your foe's hand.,"Hyrule Field,West Necluda",6 Attack
272,https://www.zeldadungeon.net/wiki/images/thumb/e/e1/Hyrule-Compendium-Spiked-Boko-Bat.png/72px-Hyrule-Compendium-Spiked-Boko-Bat.png,Spiked Boko Bat,"After much consideration by Bokoblins on how to improve the Boko bat, they simply attached sharp spikes to it. A skilled fighter can cause immense damage with this.","Faron Grasslands,East Necluda",18 Attack
273,https://www.zeldadungeon.net/wiki/images/thumb/1/1d/Hyrule-Compendium-Dragonbone-Boko-Bat.png/72px-Hyrule-Compendium-Dragonbone-Boko-Bat.png,Dragonbone Boko Bat,"Used only by the toughest Bokoblin warriors, this Boko bat has been fortified by fossilized bone. It boasts a high durability and is strong enough to beat down powerful foes.","Hyrule Ridge,Necluda Sea",36 Attack
274,https://www.zeldadungeon.net/wiki/images/thumb/2/27/Hyrule-Compendium-Moblin-Club.png/72px-Hyrule-Compendium-Moblin-Club.png,Moblin Club,"A crudely fashioned club favored by Moblins. It's carved from a sturdy tree but is sloppily made, so it breaks easily.","Gerudo Highlands,Faron Grasslands",9 Attack
275,https://www.zeldadungeon.net/wiki/images/thumb/f/f3/Hyrule-Compendium-Spiked-Moblin-Club.png/72px-Hyrule-Compendium-Spiked-Moblin-Club.png,Spiked Moblin Club,Animal bone has been affixed to this Moblin club to greatly improve its damage.,"Hyrule Field,Akkala Highlands",27 Attack
276,https://www.zeldadungeon.net/wiki/images/thumb/9/93/Hyrule-Compendium-Dragonbone-Moblin-Club.png/72px-Hyrule-Compendium-Dragonbone-Moblin-Club.png,Dragonbone Moblin Club,"The bone of an ancient beast has been affixed to this Moblin club, further increasing its damage. Moblins carrying these in battle are particularly dangerous.","Hebra Mountains,Eldin Mountains",45 Attack
277,https://www.zeldadungeon.net/wiki/images/thumb/2/2c/Hyrule-Compendium-Ancient-Battle-Axe.png/72px-Hyrule-Compendium-Ancient-Battle-Axe.png,Ancient Battle Axe,"A weapon used by Guardian Scouts. Its unique blade was forged using ancient technology. Although powerful, its unusual shape causes it to break easily.","Gerudo Desert,Hyrule Field",30 Attack
278,https://www.zeldadungeon.net/wiki/images/thumb/b/b0/Hyrule-Compendium-Ancient-Battle-Axe%2B.png/72px-Hyrule-Compendium-Ancient-Battle-Axe%2B.png,Ancient Battle Axe+,"This ancient battle axe's damage output has been increased to maximum. It's sharp enough to cut through almost anything, so it may have been used to forge new routes.","Akkala Highlands,Hyrule Field",45 Attack
279,https://www.zeldadungeon.net/wiki/images/thumb/0/0f/Hyrule-Compendium-Ancient-Battle-Axe%2B%2B.png/72px-Hyrule-Compendium-Ancient-Battle-Axe%2B%2B.png,Ancient Battle Axe++,This ancient battle axe's damage output is scaled up to peak performance. Ancient technology makes it possible to enhance cutting power beyond metal weapons' limits.,"Hebra Mountains,Gerudo Highlands",60 Attack
280,https://www.zeldadungeon.net/wiki/images/thumb/3/33/Hyrule-Compendium-Lynel-Crusher.png/72px-Hyrule-Compendium-Lynel-Crusher.png,Lynel Crusher,"This Lynel-made two-handed weapon has been reinforced to increase its durability and striking power. Its overwhelming heft will crush your foe, shield and all.","Gerudo Highlands,Tabantha Frontier",36 Attack
281,https://www.zeldadungeon.net/wiki/images/thumb/8/83/Hyrule-Compendium-Mighty-Lynel-Crusher.png/72px-Hyrule-Compendium-Mighty-Lynel-Crusher.png,Mighty Lynel Crusher,"This Lynel-made two-handed weapon has been reinforced to increase its durability and striking power. Its overwhelming heft will crush your foe, shield and all.","Gerudo Highlands,Hebra Mountains",54 Attack
282,https://www.zeldadungeon.net/wiki/images/thumb/b/bf/Hyrule-Compendium-Savage-Lynel-Crusher.png/72px-Hyrule-Compendium-Savage-Lynel-Crusher.png,Savage Lynel Crusher,This Lynel-made two-handed weapon is immensely heavy thank to a rare metal from Death Mountain's peak. The power of its downward swing is in a class all of its own.,"Hebra Mountains,Eldin Mountains",78 Attack
283,https://www.zeldadungeon.net/wiki/images/thumb/4/47/Hyrule-Compendium-Windcleaver.png/72px-Hyrule-Compendium-Windcleaver.png,Windcleaver,"This sword is favored by high-ranking members of the Yiga. When wielded by a proficient fighter, its unique shape cleaves the very wind and creates a vacuum.","Gerudo Highlands,West Necluda",40 Attack
284,https://www.zeldadungeon.net/wiki/images/thumb/5/54/Hyrule-Compendium-Moblin-Arm.png/72px-Hyrule-Compendium-Moblin-Arm.png,Moblin Arm,A Moblin bone that continues to move even after being detached from its body. The bone is thick enough to be used as a weapon but is extremely brittle and easily broken.,GreaterHyrule,15 Attack
285,https://www.zeldadungeon.net/wiki/images/thumb/5/5a/Hyrule-Compendium-Wooden-Mop.png/72px-Hyrule-Compendium-Wooden-Mop.png,Wooden Mop,"Just a mop to the untrained eye, it excels at tidying up the place. But it owes its sturdy construction to a true craftsman, so it actually has some combat merit.","East Necluda,Hyrule Field",5 Attack
286,https://www.zeldadungeon.net/wiki/images/thumb/f/fe/Hyrule-Compendium-Farmers-Pitchfork.png/72px-Hyrule-Compendium-Farmers-Pitchfork.png,Farmer's Pitchfork,A farming tool used to collect hay efficiently. It's light enough to be used by anyone. The four prongs are very sharp.,"East Necluda,West Necluda",7 Attack
287,https://www.zeldadungeon.net/wiki/images/thumb/d/d8/Hyrule-Compendium-Fishing-Harpoon.png/72px-Hyrule-Compendium-Fishing-Harpoon.png,Fishing Harpoon,A fisherman's tool that excels at catching large fish. Its particularly sharp spearhead makes it valuable as a weapon as well.,"East Necluda,Lake Hylia",8 Attack
288,https://www.zeldadungeon.net/wiki/images/thumb/6/61/Hyrule-Compendium-Throwing-Spear.png/72px-Hyrule-Compendium-Throwing-Spear.png,Throwing Spear,"A specialized spear weighted to excel as a throwing weapon. It's perfectly balanced to be thrown harder than your average spear, able to pierce targets from a great distance.","West Necluda,Hyrule Field",6 Attack
289,https://www.zeldadungeon.net/wiki/images/thumb/c/c5/Hyrule-Compendium-Travelers-Spear.png/72px-Hyrule-Compendium-Travelers-Spear.png,Traveler's Spear,A spear used mainly by travelers to fend off wolves and other beasts. It's easy to hold and simple to use.,"Hyrule Field,West Necluda",3 Attack
290,https://www.zeldadungeon.net/wiki/images/thumb/6/6f/Hyrule-Compendium-Soldiers-Spear.png/72px-Hyrule-Compendium-Soldiers-Spear.png,Soldier's Spear,"A long spear once used by the guards of Hyrule Castle. Easy to use but difficult to master. The iron tip is very sturdy, and the shaft will not burn when exposed to flame.","Hyrule Field,Faron Grasslands",7 Attack
291,https://www.zeldadungeon.net/wiki/images/thumb/a/a1/Hyrule-Compendium-Knights-Halberd.png/72px-Hyrule-Compendium-Knights-Halberd.png,Knight's Halberd,A spear used by knights adept in mounted combat. The spearhead is modeled after an axe.,"Tabantha Frontier,Gerudo Desert",13 Attack
292,https://www.zeldadungeon.net/wiki/images/thumb/b/bb/Hyrule-Compendium-Royal-Halberd.png/72px-Hyrule-Compendium-Royal-Halberd.png,Royal Halberd,This spear was issued to the knights who guarded Hyrule Castle's throne room. Its ornate design was applied by a craftsman in service to the royal family.,"Gerudo Highlands,Tabantha Frontier",26 Attack
293,https://www.zeldadungeon.net/wiki/images/thumb/1/12/Hyrule-Compendium-Forest-Dwellers-Spear.png/72px-Hyrule-Compendium-Forest-Dwellers-Spear.png,Forest Dweller's Spear,"The Koroks made this spear for Hylians. The shaft is made from a light, sturdy wood, offering ease of use. The spearhead is made from a much harder wood, offering strength.","Great Hyrule Forest,Hyrule Ridge",11 Attack
294,https://www.zeldadungeon.net/wiki/images/thumb/9/93/Hyrule-Compendium-Zora-Spear.png/72px-Hyrule-Compendium-Zora-Spear.png,Zora Spear,This spear is a Zora's weapon of choice. It's lighter than it looks due to being made from a special metal and is used by the Zora for both fishing and protecting their domain.,"Lanayru Great Spring,Lake Hylia",9 Attack
295,https://www.zeldadungeon.net/wiki/images/thumb/a/a1/Hyrule-Compendium-Silverscale-Spear.png/72px-Hyrule-Compendium-Silverscale-Spear.png,Silverscale Spear,A most skilled Zora fighters wield this spear. Its beautiful fish-tail design belies its impressive strength; the spearhead can piece even the toughest scales.,"Akkala Highlands,Lanayru Great Spring",12 Attack
296,https://www.zeldadungeon.net/wiki/images/thumb/f/f1/Hyrule-Compendium-Ceremonial-Trident.png/72px-Hyrule-Compendium-Ceremonial-Trident.png,Ceremonial Trident,"A spear modeled after the Lightscale trident wielded by the Zora Champion Mipha. They may be identical in appearance, but this spear's strength and durability are inferior.",Lanayru Great Spring,14 Attack
297,https://www.zeldadungeon.net/wiki/images/thumb/4/46/Hyrule-Compendium-Lightscale-Trident.png/72px-Hyrule-Compendium-Lightscale-Trident.png,Lightscale Trident,"A spear of peerless grace cherished by the Zora Champion Mipha. Although Mipha specialized in healing abilities, her spearmanship was in a class all its own.",Lanayru Great Spring,22 Attack
298,https://www.zeldadungeon.net/wiki/images/thumb/a/a5/Hyrule-Compendium-Drillshaft.png/72px-Hyrule-Compendium-Drillshaft.png,Drillshaft,"Goron artisans used recycled metal to forge this weapon. The tip is made from an old excavation bore, which affords it unmatched piercing capabilities.","Eldin Canyon,Hebra Mountains",14 Attack
299,https://www.zeldadungeon.net/wiki/images/thumb/d/dc/Hyrule-Compendium-Feathered-Spear.png/72px-Hyrule-Compendium-Feathered-Spear.png,Feathered Spear,"Its lightweight design is a hallmark of Rito craftsmanship. It's made from light and sturdy materials, which afford Rito warriors ease of use during aerial combat.","Tabantha Frontier,Hyrule Field",10 Attack
300,https://www.zeldadungeon.net/wiki/images/thumb/7/73/Hyrule-Compendium-Gerudo-Spear.png/72px-Hyrule-Compendium-Gerudo-Spear.png,Gerudo Spear,"This spear's center of gravity is in its tip, making it a bit unwieldy for the average fighter. But in the hands of a skilled Gerudo warrior, it's a weapon of reliable strength.","Gerudo Desert,Gerudo Highlands",16 Attack
301,https://www.zeldadungeon.net/wiki/images/thumb/2/27/Hyrule-Compendium-Serpentine-Spear.png/72px-Hyrule-Compendium-Serpentine-Spear.png,Serpentine Spear,The spearhead of this weapon is uniquely Sheikah in design. Spear masters of the Sheikah tribe can use the crescent shape to snag their opponents and deliver brutal cuts.,"East Necluda,Hyrule Field",12 Attack
302,https://www.zeldadungeon.net/wiki/images/thumb/7/76/Hyrule-Compendium-Ancient-Spear.png/72px-Hyrule-Compendium-Ancient-Spear.png,Ancient Spear,This spear is the result of countless hours of research into the ancient technology used by Guardians. The glowing spearhead has piercing potential.,Unknown,30 Attack
303,https://www.zeldadungeon.net/wiki/images/thumb/0/0d/Hyrule-Compendium-Rusty-Halberd.png/72px-Hyrule-Compendium-Rusty-Halberd.png,Rusty Halberd,"A rusty polearm likely used by knights from an age past. The spearhead is in bad shape due to prolonged exposure to the elements, so its durability is low.","Hyrule Field,Great Hyrule Forest",5 Attack
304,https://www.zeldadungeon.net/wiki/images/thumb/c/c6/Hyrule-Compendium-Royal-Guards-Spear.png/72px-Hyrule-Compendium-Royal-Guards-Spear.png,Royal Guard's Spear,"This Sheikah-made spear was created using ancient technology to combat the Calamity. Its attack power is very high, but a critical design flaw left it with poor durability.",Unknown,32 Attack
305,https://www.zeldadungeon.net/wiki/images/thumb/4/42/Hyrule-Compendium-Flamespear.png/72px-Hyrule-Compendium-Flamespear.png,Flamespear,A magical spear forged in the magma of Death Mountain. Attack when the blade glows to expel powerful flames.,"Hyrule Field,Hebra Mountains",24 Attack
306,https://www.zeldadungeon.net/wiki/images/thumb/1/11/Hyrule-Compendium-Frostspear.png/72px-Hyrule-Compendium-Frostspear.png,Frostspear,A magical spear forged from ancient ice taken from the Hebra Mountains. Attack when the blade glows blue to chill the air and freeze your foe.,"Hebra Mountains,Hyrule Field",20 Attack
307,https://www.zeldadungeon.net/wiki/images/thumb/a/a2/Hyrule-Compendium-Thunderspear.png/72px-Hyrule-Compendium-Thunderspear.png,Thunderspear,A magical spear that contains thunder from Thundra Plateau in its tip. Attack when the blade glows with a golden light to unleash an electric attack.,"Hyrule Ridge,Hyrule Field",22 Attack
308,https://www.zeldadungeon.net/wiki/images/thumb/6/63/Hyrule-Compendium-Boko-Spear.png/72px-Hyrule-Compendium-Boko-Spear.png,Boko Spear,"A spear haphazardly carved from a large tree branch. It looks like its original intent was for skewering meat and cooking it, but it does have some combat merit as well.","West Necluda,Hyrule Field",2 Attack
309,https://www.zeldadungeon.net/wiki/images/thumb/0/03/Hyrule-Compendium-Spiked-Boko-Spear.png/72px-Hyrule-Compendium-Spiked-Boko-Spear.png,Spiked Boko Spear,"A Boko spear enhanced with sharpened animal bones. It's light, easy to use, and deals a decent amount of damage.","Faron Grasslands,East Necluda",6 Attack
310,https://www.zeldadungeon.net/wiki/images/thumb/6/69/Hyrule-Compendium-Dragonbone-Boko-Spear.png/72px-Hyrule-Compendium-Dragonbone-Boko-Spear.png,Dragonbone Boko Spear,This Boko spear has been strengthened with fossilized bones. The bones are positioned outward so the fangs bite at the opponent. Beware Bokoblins carrying this weapon.,"Necluda Sea,Hyrule Ridge",12 Attack
311,https://www.zeldadungeon.net/wiki/images/thumb/5/5d/Hyrule-Compendium-Moblin-Spear.png/72px-Hyrule-Compendium-Moblin-Spear.png,Moblin Spear,"This wooden spear is most often used by Moblins. It's made from a hastily whittled tree, so its stabbing power and durability are both pretty low.","Faron Grasslands,Gerudo Highlands",4 Attack
312,https://www.zeldadungeon.net/wiki/images/thumb/a/a9/Hyrule-Compendium-Spiked-Moblin-Spear.png/72px-Hyrule-Compendium-Spiked-Moblin-Spear.png,Spiked Moblin Spear,"This Moblin-made spear uses a horned animal bone as the spearhead. Like many Moblin weapons it's sloppily made, but this one packs some respective piercing power.","Gerudo Highlands,Akkala Highlands",9 Attack
313,https://www.zeldadungeon.net/wiki/images/thumb/c/c2/Hyrule-Compendium-Dragonbone-Moblin-Spear.png/72px-Hyrule-Compendium-Dragonbone-Moblin-Spear.png,Dragonbone Moblin Spear,"This spear is a fan favorite among Moblins. The spearhead is made from fossilized bones adorned with spikes, which greatly increases its stabbing power.","Hebra Mountains,Eldin Mountains",15 Attack
314,https://www.zeldadungeon.net/wiki/images/thumb/3/3e/Hyrule-Compendium-Lizal-Spear.png/72px-Hyrule-Compendium-Lizal-Spear.png,Lizal Spear,"The brutal, ripping edge of this weapon's spearhead is a distinctly Lizalfos design. Its low durability doesn't lend itself to extended use.","Lanayru Wetlands,East Necluda",7 Attack
315,https://www.zeldadungeon.net/wiki/images/thumb/0/00/Hyrule-Compendium-Enhanced-Lizal-Spear.png/72px-Hyrule-Compendium-Enhanced-Lizal-Spear.png,Enhanced Lizal Spear,"Judging by the harpoon-like spearhead of this Lizalfos-made spear, the Lizalfos use it for fishing as well as combat. Try not to get caught on the wrong end of its barbs.","Tabantha Frontier,Gerudo Desert",12 Attack
316,https://www.zeldadungeon.net/wiki/images/thumb/6/62/Hyrule-Compendium-Forked-Lizal-Spear.png/72px-Hyrule-Compendium-Forked-Lizal-Spear.png,Forked Lizal Spear,"Skilled Lizalfos warriors tend to favor this spear. What it lacks in piercing power, it makes up for with the brutal wounds its dual ripping blades will inflict.","Eldin Canyon,Akkala Highlands",18 Attack
317,https://www.zeldadungeon.net/wiki/images/thumb/7/7a/Hyrule-Compendium-Guardian-Spear.png/72px-Hyrule-Compendium-Guardian-Spear.png,Guardian Spear,"Wielded by Guardian Scouts, this spear has a high piercing power and is a testament to the Sheikah's high level of technology. The spearhead appears only when brandished.","Hyrule Field,Hebra Mountains",10 Attack
318,https://www.zeldadungeon.net/wiki/images/thumb/b/bf/Hyrule-Compendium-Guardian-Spear%2B.png/72px-Hyrule-Compendium-Guardian-Spear%2B.png,Guardian Spear+,"The tip of this Guardian spear has been enlarged and strengthened. It's a bit shorter than your average spear, perhaps to facilitate use in tight spaces.","Gerudo Highlands,Hyrule Field",15 Attack
319,https://www.zeldadungeon.net/wiki/images/thumb/5/5e/Hyrule-Compendium-Guardian-Spear%2B%2B.png/72px-Hyrule-Compendium-Guardian-Spear%2B%2B.png,Guardian Spear++,"This guardian spear's output has been boosted to the maximum. The spearhead is designed for optimal stabbing, capable of easily piercing most armor.","Hebra Mountains,Akkala Highlands",20 Attack
320,https://www.zeldadungeon.net/wiki/images/thumb/2/23/Hyrule-Compendium-Lynel-Spear.png/72px-Hyrule-Compendium-Lynel-Spear.png,Lynel Spear,"The crescent-shaped spearhead of this Lynel-made weapon gives it poor balance, making it difficult to wield. Lynels, however, can swing it effectively with one hand.","Gerudo Highlands,West Necluda",14 Attack
321,https://www.zeldadungeon.net/wiki/images/thumb/7/75/Hyrule-Compendium-Mighty-Lynel-Spear.png/72px-Hyrule-Compendium-Mighty-Lynel-Spear.png,Mighty Lynel Spear,"The weight and cutting edge of this Lynel-made spear have both been enhanced. It's immensely heavy for a Hylian, but a Lynel can cleave through rock with a single swing.","Great Hyrule Forest,Deep Akkala",20 Attack
322,https://www.zeldadungeon.net/wiki/images/thumb/c/cf/Hyrule-Compendium-Savage-Lynel-Spear.png/72px-Hyrule-Compendium-Savage-Lynel-Spear.png,Savage Lynel Spear,White-haired Lynels favor this brutal spear. Its axe-like spearhead and exceptional weight give it absolute destructive power.,"Gerudo Highlands,Hebra Mountains",30 Attack
323,https://www.zeldadungeon.net/wiki/images/thumb/6/62/Hyrule-Compendium-Bow-of-Light.png/72px-Hyrule-Compendium-Bow-of-Light.png,Bow of Light,"Princess Zelda gave you this bow and arrow for the battle with Dark Beast Ganon. When wielded by the hero, it fires arrows of pure light strong enough to oppose the Calamity.",Unknown,100 Attack
324,https://www.zeldadungeon.net/wiki/images/thumb/c/c8/Hyrule-Compendium-Wooden-Bow.png/72px-Hyrule-Compendium-Wooden-Bow.png,Wooden Bow,"This wooden bow may not be the most reliable for battling monsters, but is excellent for hunting small animals.","Hyrule Field,West Necluda",4 Attack
325,https://www.zeldadungeon.net/wiki/images/thumb/b/bd/Hyrule-Compendium-Travelers-Bow.png/72px-Hyrule-Compendium-Travelers-Bow.png,Traveler's Bow,"A small bow used by travelers for protection. It doesn't do a lot of damage, but it can be used to attack foes from a distance.","Hyrule Field,West Necluda",5 Attack
326,https://www.zeldadungeon.net/wiki/images/thumb/b/b9/Hyrule-Compendium-Soldiers-Bow.png/72px-Hyrule-Compendium-Soldiers-Bow.png,Soldier's Bow,"A bow designed for armed conflict. Inflicts more damage than a civilian bow, but it will still burn if it touches fire.","Hyrule Field,Faron Grasslands",14 Attack
327,https://www.zeldadungeon.net/wiki/images/thumb/0/03/Hyrule-Compendium-Knights-Bow.png/72px-Hyrule-Compendium-Knights-Bow.png,Knight's Bow,"The sturdy metal construction of this bow offers superior durability, while its lack of firing quirks makes it quite reliable. Once favored by the knights at Hyrule Castle.","Gerudo Desert,Tabantha Frontier",26 Attack
328,https://www.zeldadungeon.net/wiki/images/thumb/2/2f/Hyrule-Compendium-Royal-Bow.png/72px-Hyrule-Compendium-Royal-Bow.png,Royal Bow,"In the past, the king of Hyrule presented this bow to only the most talented archers in the land. Its combat capabilities are as impressive as its extravagant design.","Tabantha Frontier,Hebra Mountains",38 Attack
329,https://www.zeldadungeon.net/wiki/images/thumb/9/98/Hyrule-Compendium-Forest-Dweller%27s-Bow.png/72px-Hyrule-Compendium-Forest-Dweller%27s-Bow.png,Forest Dweller's Bow,"The Koroks made this bow for Hylians. It's crafted from flexible wood and uses sturdy vines for the bowstring. Its construction may be simple, but it fires multiple arrows at once.","Tabantha Frontier,Hyrule Ridge",15 Attack
330,https://www.zeldadungeon.net/wiki/images/thumb/9/9f/Hyrule-Compendium-Silver-Bow.png/72px-Hyrule-Compendium-Silver-Bow.png,Silver Bow,"A bow favored by the Zora for fishing. It doesn't boast the highest firepower, but the special metal it's crafted from prioritizes durability.","Lanayru Great Spring,Akkala Highlands",15 Attack
331,https://www.zeldadungeon.net/wiki/images/thumb/8/85/Hyrule-Compendium-Swallow-Bow.png/72px-Hyrule-Compendium-Swallow-Bow.png,Swallow Bow,"This bow is a favorite among Rito warriors. The bowstring has been specially engineered for aerial combat, which allows it to be drawn faster than a normal bow.","Tabantha Frontier,Hebra Mountains",9 Attack
332,https://www.zeldadungeon.net/wiki/images/thumb/1/1d/Hyrule-Compendium-Falcon-Bow.png/72px-Hyrule-Compendium-Falcon-Bow.png,Falcon Bow,"A highly refined Rito-made bow created by a master Rito craftsman. Rito warriors favor it for its superior rate of fire, which helps them excel even further at aerial combat.","Tabantha Frontier,Hebra Mountains",20 Attack
333,https://www.zeldadungeon.net/wiki/images/thumb/4/48/Hyrule-Compendium-Great-Eagle-Bow.png/72px-Hyrule-Compendium-Great-Eagle-Bow.png,Great Eagle Bow,"A bow without equal wielded by the Rito Champion, Revali. It's said that Revali could loose arrows with the speed of a gale, making him supreme in aerial combat.",Tabantha Frontier,28 Attack
334,https://www.zeldadungeon.net/wiki/images/thumb/3/31/Hyrule-Compendium-Golden-Bow.png/72px-Hyrule-Compendium-Golden-Bow.png,Golden Bow,"This Gerudo-made bow is popular for the fine ornamentations along its limbs. Designed for hunting and warfare alike, this bow was engineered to strike distant targets.","Gerudo Highlands,Gerudo Desert",14 Attack
335,https://www.zeldadungeon.net/wiki/images/thumb/c/c5/Hyrule-Compendium-Phrenic-Bow.png/72px-Hyrule-Compendium-Phrenic-Bow.png,Phrenic Bow,A bow passed down through the Sheikah tribe. Concentrating before drawing the string will allow you to target distant enemies as easily as those nearby.,"West Necluda,Lake Hylia",10 Attack
336,https://www.zeldadungeon.net/wiki/images/thumb/8/8c/Hyrule-Compendium-Ancient-Bow.png/72px-Hyrule-Compendium-Ancient-Bow.png,Ancient Bow,This bow is the result of Robbie's research. Ancient Sheikah technology affords it heightened functionality. Arrows fired from it travel in a perfectly straight line.,Unknown,44 Attack
337,https://www.zeldadungeon.net/wiki/images/thumb/6/65/Hyrule-Compendium-Royal-Guards-Bow.png/72px-Hyrule-Compendium-Royal-Guards-Bow.png,Royal Guard's Bow,"This prototype Sheikah-made bow was designed to fight the Great Calamity. Made with ancient technology, it boast a high rate of fire and firepower, but has a low durability.",Unknown,50 Attack
338,https://www.zeldadungeon.net/wiki/images/thumb/4/45/Hyrule-Compendium-Boko-Bow.png/72px-Hyrule-Compendium-Boko-Bow.png,Boko Bow,"A basic Bokoblin bow made from wood. It's made by taking any tree branch and just tying a string to either end, so don't expect much in the way of combat effectiveness.","Hyrule Field,West Necluda",4 Attack
339,https://www.zeldadungeon.net/wiki/images/thumb/4/46/Hyrule-Compendium-Spiked-Boko-Bow.png/72px-Hyrule-Compendium-Spiked-Boko-Bow.png,Spiked Boko Bow,"An upgraded Boko bow bound with animal bone to boost its durability and firepower. Its craftsmanship is sloppy, but it's light and easy to use.","Faron Grasslands,East Necluda",12 Attack
340,https://www.zeldadungeon.net/wiki/images/thumb/e/ee/Hyrule-Compendium-Dragon-Bone-Boko-Bow.png/72px-Hyrule-Compendium-Dragon-Bone-Boko-Bow.png,Dragon Bone Boko Bow,"A Boko bow reinforced by fossils. Bokoblins handpicked the materials it's made from, so it boasts a respectable firepower.","Hyrule Ridge,Hyrule Field",24 Attack
341,https://www.zeldadungeon.net/wiki/images/thumb/6/60/Hyrule-Compendium-Lizal-Bow.png/72px-Hyrule-Compendium-Lizal-Bow.png,Lizal Bow,A wooden bow created by Lizalfos. It's reinforced by the bones of a large fish - a marked improvement over any standard wooden bow.,"Lanayru Great Spring,Lanayru Wetlands",14 Attack
342,https://www.zeldadungeon.net/wiki/images/thumb/1/1a/Hyrule-Compendium-Strengthened-Lizal-Bow.png/72px-Hyrule-Compendium-Strengthened-Lizal-Bow.png,Strengthened Lizal Bow,"A Lizal bow with a grip reinforced by metal. The body is made from the branches of a flexible tree that grows near water, which offers some serious destructive power.","Tabantha Frontier,Gerudo Desert",25 Attack
343,https://www.zeldadungeon.net/wiki/images/thumb/1/1d/Hyrule-Compendium-Steel-Lizal-Bow.png/72px-Hyrule-Compendium-Steel-Lizal-Bow.png,Steel Lizal Bow,This bow is wielded by Lizalfos who are expert marksmen. The metal that reinforces much of the weapon adds some additional weight but offers heightened durability.,"Hebra Mountains,Akkala Highlands",36 Attack
344,https://www.zeldadungeon.net/wiki/images/thumb/5/5e/Hyrule-Compendium-Lynel-Bow.png/72px-Hyrule-Compendium-Lynel-Bow.png,Lynel Bow,"A Lynel-made bow crafted from rough metal. True to the vicious nature of Lynel weaponry, it fires a spread of multiple arrows at once. Ideal for taking down quick-moving targets.","Gerudo Highlands,Lanayru Great Spring",10 Attack
345,https://www.zeldadungeon.net/wiki/images/thumb/3/34/Hyrule-Compendium-Mighty-Lynel-Bow.png/72px-Hyrule-Compendium-Mighty-Lynel-Bow.png,Mighty Lynel Bow,"This massive Lynel bow sports a bowstring made from a metal so tough, mere Hylians have trouble drawing it back.","Hyrule Field,Deep Akkala",20 Attack
346,https://www.zeldadungeon.net/wiki/images/thumb/f/f3/Hyrule-Compendium-Savage-Lynel-Bow.png/72px-Hyrule-Compendium-Savage-Lynel-Bow.png,Savage Lynel Bow,This Lynel bow is made from a special steel found at the peak of Death Mountain. It has tremendous stopping power and can pierce think armor as easily as thin paper.,"Hebra Mountains,Hyrule Field",32 Attack
347,https://www.zeldadungeon.net/wiki/images/thumb/b/b9/Hyrule-Compendium-Duplex-Bow.png/72px-Hyrule-Compendium-Duplex-Bow.png,Duplex Bow,A bow favored by the skilled archers of the Yiga Clan. It's been engineered to fire two arrows at once to ensure your target comes to a swift a none-two-pleasant halt.,Gerudo Highlands,14 Attack
348,https://www.zeldadungeon.net/wiki/images/thumb/b/be/Hyrule-Compendium-Arrow.png/72px-Hyrule-Compendium-Arrow.png,Arrow,A common arrow. Its shaft was carved from the wood of a sturdy tree.,"Hyrule Field,Eldin Canyon",No additional effects
349,https://www.zeldadungeon.net/wiki/images/thumb/f/ff/Hyrule-Compendium-Fire-Arrow.png/72px-Hyrule-Compendium-Fire-Arrow.png,Fire Arrow,"An arrow imbued with the power of fire. It breaks apart on impact, igniting objects in the immediate area. It's incredibly effective against cold things.","Hyrule Field,Eldin Canyon","Additional Effects: Ignites flammable targets, causing extra damage."
350,https://www.zeldadungeon.net/wiki/images/thumb/2/2c/Hyrule-Compendium-Ice-Arrow.png/72px-Hyrule-Compendium-Ice-Arrow.png,Ice Arrow,"An arrow imbued with the power of ice. It breaks apart on impact, freezing objects in the immediate area. It's incredibly effective against hot things.","Hyrule Field,Hebra Mountains",Additional Effects: Freezes enemies in place.
351,https://www.zeldadungeon.net/wiki/images/thumb/2/2f/Hyrule-Compendium-Shock-Arrow.png/72px-Hyrule-Compendium-Shock-Arrow.png,Shock Arrow,"An arrow imbued with the power of electricity. It breaks apart on impact, channeling electricity into nearby objects. It's incredibly effective against metal or anything wet.","Lanayru Great Spring,Hyrule Field",Additional Effects: Electrocutes and disarms enemies.
352,https://www.zeldadungeon.net/wiki/images/thumb/7/70/Hyrule-Compendium-Bomb-Arrow.png/72px-Hyrule-Compendium-Bomb-Arrow.png,Bomb Arrow,"A powerful arrow designed to destroy monsters. The explosive powder packed into the tip ignites on impact, dealing massive damage to anything caught in the blast.","Hyrule Field,East Necluda","Additional Effects: Explodes on impact, dealing massive damage."
353,https://www.zeldadungeon.net/wiki/images/thumb/7/79/Hyrule-Compendium-Ancient-Arrow.png/72px-Hyrule-Compendium-Ancient-Arrow.png,Ancient Arrow,An arrow created using ancient technology. To be struck with one is to be consigned to oblivion in an instant. It deals devastating damageâ€”even against Guardians.,Hyrule Field,Additional Effects: The ancient arrowhead deals massive damage.
354,https://www.zeldadungeon.net/wiki/images/thumb/7/70/Hyrule-Compendium-Hylian-Shield.png/72px-Hyrule-Compendium-Hylian-Shield.png,Hylian Shield,"A shield passes down through the Hylian royal family, along with the legend of the hero who wielded it. Its defensive capabilities and durability outshine all other shields.",Unknown,90 Shield Guard
355,https://www.zeldadungeon.net/wiki/images/thumb/6/6e/Hyrule-Compendium-Pot-Lid.png/72px-Hyrule-Compendium-Pot-Lid.png,Pot Lid,The lid of a large soup pot. It smells vaguely of poultry broth... Yum! It can take quite a beating before breaking.,"Hyrule Field,East Necluda",1 Shield Guard
356,https://www.zeldadungeon.net/wiki/images/thumb/d/db/Hyrule-Compendium-Wooden-Shield.png/72px-Hyrule-Compendium-Wooden-Shield.png,Wooden Shield,"This lightweight, simple shield is ideal for less-experienced fighters. It can withstand light attacks, but blocking stronger blows is not recommended.","Hyrule Field,East Necluda",2 Shield Guard
357,https://www.zeldadungeon.net/wiki/images/thumb/e/ed/Hyrule-Compendium-Emblazoned-Shield.png/72px-Hyrule-Compendium-Emblazoned-Shield.png,Emblazoned Shield,"This shield features a traditional design from Necluda. Its combat capabilities aren't much better than the standard wooden shield, but it found popularity for its design.","East Necluda,Hebra Mountains",3 Shield Guard
358,https://www.zeldadungeon.net/wiki/images/thumb/4/45/Hyrule-Compendium-Hunters-Shield.png/72px-Hyrule-Compendium-Hunters-Shield.png,Hunter's Shield,"Favored by hunters for its rabbit design, which is said to bring luck on hunts. It's easy to use, but its durability leaves something to be desired.","Hebra Mountains,Lanayru Wetlands",3 Shield Guard
359,https://www.zeldadungeon.net/wiki/images/thumb/3/3f/Hyrule-Compendium-Fishermans-Shield.png/72px-Hyrule-Compendium-Fishermans-Shield.png,Fisherman's Shield,"Often carried by fishermen for its fish design, which represents hope for a good catch. Its light wooden construction makes it convenient to take on a boat.","East Necluda,Hebra Mountains",3 Shield Guard
360,https://www.zeldadungeon.net/wiki/images/thumb/d/d1/Hyrule-Compendium-Travelers-Shield.png/72px-Hyrule-Compendium-Travelers-Shield.png,Traveler's Shield,A sturdy shield loved by many an adventurer. It is made of animal hide and sturdy wood and is best suited to defending against weak monsters or animals.,"Hyrule Field,West Necluda",4 Shield Guard
361,https://www.zeldadungeon.net/wiki/images/thumb/d/d6/Hyrule-Compendium-Soldiers-Shield.png/72px-Hyrule-Compendium-Soldiers-Shield.png,Soldier's Shield,"A shield once used by the guards of Hyrule Castle. It's easy to handle, but its core is made of wood, so it can catch fire.","Tabantha Frontier,Hyrule Field",16 Shield Guard
362,https://www.zeldadungeon.net/wiki/images/thumb/2/20/Hyrule-Compendium-Knights-Shield.png/72px-Hyrule-Compendium-Knights-Shield.png,Knight's Shield,"A shield favored by the knights who served the Hyrulean royal family. Its sturdy metal construction makes it quite durable, but its weight requires decent skill to wield.","Hebra Mountains,Eldin Mountains",40 Shield Guard
363,https://www.zeldadungeon.net/wiki/images/thumb/4/4e/Hyrule-Compendium-Royal-Shield.png/72px-Hyrule-Compendium-Royal-Shield.png,Royal Shield,"A shield issued to the Hyrulean royal family's immediate guard detail. It boasts a high defense, but these days it's more a collector's item due to its ornamentation.","Hyrule Field,Hebra Mountains",55 Shield Guard
364,https://www.zeldadungeon.net/wiki/images/thumb/e/e2/Hyrule-Compendium-Forest-Dwellers-Shield.png/72px-Hyrule-Compendium-Forest-Dwellers-Shield.png,Forest Dweller's Shield,"The Koroks made this shield specifically for Hylians. It's made from the finest hard wood of trees that only grow in the Korok forest, so it's sturdier than it looks.",Great Hyrule Forest,30 Shield Guard
365,https://www.zeldadungeon.net/wiki/images/thumb/e/e9/Hyrule-Compendium-Silver-Shield.png/72px-Hyrule-Compendium-Silver-Shield.png,Silver Shield,A Zora-made shield adorned with intricate ornamentation. It's said that true masters of this shield can redirect attacks as a rock redirects rushing water.,"Lanayru Great Spring,Lake Hylia",18 Shield Guard
366,https://www.zeldadungeon.net/wiki/images/thumb/3/3d/Hyrule-Compendium-Kite-Shield.png/72px-Hyrule-Compendium-Kite-Shield.png,Kite Shield,Rito warriors cherish this shield. Its unique shape is designed with mid-battle flight in mind to facilitate aerial combat.,"Hebra Mountains,Tabantha Frontier",14 Shield Guard
367,https://www.zeldadungeon.net/wiki/images/thumb/8/8e/Hyrule-Compendium-Gerudo-Shield.png/72px-Hyrule-Compendium-Gerudo-Shield.png,Gerudo Shield,The design of this metal shield has changed over time to match the Gerudo's sword-and-shield fighting style. It's favored by soldiers and travelers alike.,"Gerudo Desert,Gerudo Highlands",20 Shield Guard
368,https://www.zeldadungeon.net/wiki/images/thumb/c/c7/Hyrule-Compendium-Radiant-Shield.png/72px-Hyrule-Compendium-Radiant-Shield.png,Radiant Shield,This extravagant shield is presented to Gerudo warriors who rise to the rank of captain. Its apparent opulence is rivaled only by its combat capabilities.,"Gerudo Desert,Gerudo Highlands",35 Shield Guard
369,https://www.zeldadungeon.net/wiki/images/thumb/d/d7/Hyrule-Compendium-Daybreaker.png/72px-Hyrule-Compendium-Daybreaker.png,Daybreaker,This shield was cherished by the Gerudo Champion Urbosa. The gold used to make it was handpicked to ensure a design that is both lightweight and very durable.,Gerudo Desert,48 Shield Guard
370,https://www.zeldadungeon.net/wiki/images/thumb/c/cc/Hyrule-Compendium-Shield-of-the-Minds-Eye.png/72px-Hyrule-Compendium-Shield-of-the-Minds-Eye.png,Shield of the Mind's Eye,A small Sheikah-made shield. Its design is intended to decrease blind spots without sacrificing too much defense.,"West Necluda,East Necluda",16 Shield Guard
371,https://www.zeldadungeon.net/wiki/images/thumb/1/1f/Hyrule-Compendium-Ancient-Shield.png/72px-Hyrule-Compendium-Ancient-Shield.png,Ancient Shield,This shield was made using ancient Sheikah technology. Its surface glows blue when raised in defense. Enhanced functionality allows it to deflect Guardian beams.,Unknown,70 Shield Guard
372,https://www.zeldadungeon.net/wiki/images/thumb/d/d2/Hyrule-Compendium-Rusty-Shield.png/72px-Hyrule-Compendium-Rusty-Shield.png,Rusty Shield,"It's likely that this rusty old shield once belonged to a knight. It still has some defensive capabilities, but its usefulness has been worn down by time.","Hyrule Field,East Necluda",3 Shield Guard
373,https://www.zeldadungeon.net/wiki/images/thumb/1/19/Hyrule-Compendium-Royal-Guards-Shield.png/72px-Hyrule-Compendium-Royal-Guards-Shield.png,Royal Guard's Shield,"This shield was forged using ancient Sheikah technology. It boasts extremely high stopping power, but its structural weakness made its low durability impractical for combat.",Unknown,70 Shield Guard
374,https://www.zeldadungeon.net/wiki/images/thumb/3/33/Hyrule-Compendium-Boko-Shield.png/72px-Hyrule-Compendium-Boko-Shield.png,Boko Shield,"A Bokoblin-made shield created by attaching a handhold to any flat tree bark picked up off the ground. It's pretty shoddy, so don't expect it to last very long.","Hyrule Field,West Necluda",3 Shield Guard
375,https://www.zeldadungeon.net/wiki/images/thumb/0/00/Hyrule-Compendium-Spiked-Boko-Shield.png/72px-Hyrule-Compendium-Spiked-Boko-Shield.png,Spiked Boko Shield,A Boko shield made of slightly stronger wood and reinforced with animal bones.,"Faron Grasslands,East Necluda",10 Attack
376,https://www.zeldadungeon.net/wiki/images/thumb/3/3a/Hyrule-Compendium-Dragonbone-Boko-Shield.png/72px-Hyrule-Compendium-Dragonbone-Boko-Shield.png,Dragonbone Boko Shield,"This Boko shield is reinforced with fossilized bone. Its defensive capabilities are respectable, but its predictably slipshod craftsmanship spells low durability.","Hyrule Ridge,Necluda Sea",25 Shield Guard
377,https://www.zeldadungeon.net/wiki/images/thumb/b/b2/Hyrule-Compendium-Lizal-Shield.png/72px-Hyrule-Compendium-Lizal-Shield.png,Lizal Shield,"A common shield found among the Lizalfos. It's made of metal, but its sloppy craftsmanship offers poor durability.","Lake Hylia,East Necluda",15 Shield Guard
378,https://www.zeldadungeon.net/wiki/images/thumb/b/b0/Hyrule-Compendium-Reinforced-Lizal-Shield.png/72px-Hyrule-Compendium-Reinforced-Lizal-Shield.png,Reinforced Lizal Shield,"This Lizal shield has been strengthened by adding a different type of metal to the mix. The edge is lined with spikes, so handle with care.","Tabantha Frontier,Gerudo Desert",22 Shield Guard
379,https://www.zeldadungeon.net/wiki/images/thumb/3/33/Hyrule-Compendium-Steel-Lizal-Shield.png/72px-Hyrule-Compendium-Steel-Lizal-Shield.png,Steel Lizal Shield,"This Lizal shield is adorned with several metal shells as a means of reinforcement. Its defensive capabilities are high, but its weight requires a skilled soldier to bear.","Hebra Mountains,Akkala Highlands",35 Shield Guard
380,https://www.zeldadungeon.net/wiki/images/thumb/5/5d/Hyrule-Compendium-Guardian-Shield.png/72px-Hyrule-Compendium-Guardian-Shield.png,Guardian Shield,A shield made with ancient Sheikah technology. It can deflect a Guardian Scout's beam.,"West Necluda,Lanayru Great Spring",18 Shield Guard
381,https://www.zeldadungeon.net/wiki/images/thumb/4/48/Hyrule-Compendium-Guardian-Shield%2B.png/72px-Hyrule-Compendium-Guardian-Shield%2B.png,Guardian Shield+,This larger version of a Guardian shield has had its output level boosted. Its defensive capabilities are comparable to those of a metal shield's.,"East Necluda,Faron Grasslands",30 Shield Guard
382,https://www.zeldadungeon.net/wiki/images/thumb/c/c3/Hyrule-Compendium-Guardian-Shield%2B%2B.png/72px-Hyrule-Compendium-Guardian-Shield%2B%2B.png,Guardian Shield++,"The output level of this shield has been boosted to a maximum. Its combat capabilities surpass those of metallic shields, and it can deflect Guardian Scout beams.","Gerudo Highlands,Akkala Highlands",42 Shield Guard
383,https://www.zeldadungeon.net/wiki/images/thumb/9/9d/Hyrule-Compendium-Lynel-Shield.png/72px-Hyrule-Compendium-Lynel-Shield.png,Lynel Shield,"A sturdy shield favored by Lynels for its defensive and offensive capabilities. First and foremost a shield, but the bladed edges can deal slashing attacks when deflecting.","Lanayru Great Spring,Hyrule Field",30 Shield Guard
384,https://www.zeldadungeon.net/wiki/images/thumb/6/6f/Hyrule-Compendium-Mighty-Lynel-Shield.png/72px-Hyrule-Compendium-Mighty-Lynel-Shield.png,Mighty Lynel Shield,"This Lynel-made shield has been reinforced with armor and even more blades. Stronger in both defense and offense, it can tear through basic armor when deflecting.","Hyrule Field,Lanayru Great Spring",44 Shield Guard
385,https://www.zeldadungeon.net/wiki/images/thumb/9/9b/Hyrule-Compendium-Savage-Lynel-Shield.png/72px-Hyrule-Compendium-Savage-Lynel-Shield.png,Savage Lynel Shield,This ultimate Lynel shield is used only by the white-haired Lynels. It excels at defending against even the most brutal of attacks and cutting down powerful foes when deflecting.,"Hyrule Field,Hebra Mountains",62 Shield Guard
